cveID	vendorProject	product	vulnerabilityName	dateAdded	shortDescription	requiredAction	dueDate	knownRansomwareCampaignUse	notes	cwes
CVE-2023-20118,Cisco,"Small Business RV Series Routers","Cisco Small Business RV Series Routers Command Injection Vulnerability",2025-03-03,"Multiple Cisco Small Business RV Series Routers contains a command injection vulnerability in the web-based management interface. Successful exploitation could allow an authenticated, remote attacker to gain root-level privileges and access unauthorized data.","Apply mitigations per vendor instructions, follow applicable BOD 22-01 guidance for cloud services, or discontinue use of the product if mitigations are unavailable.",2025-03-24,Unknown,"https://sec.cloudapps.cisco.com/security/center/content/CiscoSecurityAdvisory/cisco-sa-sbr042-multi-vuln-ej76Pke5 ; https://nvd.nist.gov/vuln/detail/CVE-2023-20118",CWE-77										
CVE-2023-34192,Synacor,"Zimbra Collaboration Suite (ZCS)","Synacor Zimbra Collaboration Suite (ZCS) Cross-Site Scripting (XSS) Vulnerability",2025-02-25,"Synacor Zimbra Collaboration Suite (ZCS) contains a cross-site scripting (XSS) vulnerability that allows a remote authenticated attacker to execute arbitrary code via a crafted script to the /h/autoSaveDraft function.","Apply mitigations per vendor instructions, follow applicable BOD 22-01 guidance for cloud services, or discontinue use of the product if mitigations are unavailable.",2025-03-18,Unknown,"https://wiki.zimbra.com/wiki/Zimbra_Security_Advisories ; https://nvd.nist.gov/vuln/detail/CVE-2023-34192",CWE-79										
CVE-2023-48365,Qlik,Sense,"Qlik Sense HTTP Tunneling Vulnerability",2025-01-13,"Qlik Sense contains an HTTP tunneling vulnerability that allows an attacker to escalate privileges and execute HTTP requests on the backend server hosting the software.","Apply mitigations per vendor instructions or discontinue use of the product if mitigations are unavailable.",2025-02-03,Known,"https://community.qlik.com/t5/Official-Support-Articles/Critical-Security-fixes-for-Qlik-Sense-Enterprise-for-Windows/tac-p/2120510 ; https://nvd.nist.gov/vuln/detail/CVE-2023-48365",CWE-444										
CVE-2023-45727,"North Grid",Proself,"North Grid Proself Improper Restriction of XML External Entity (XXE) Reference Vulnerability",2024-12-03,"North Grid Proself Enterprise/Standard, Gateway, and Mail Sanitize contain an improper restriction of XML External Entity (XXE) reference vulnerability, which could allow a remote, unauthenticated attacker to conduct an XXE attack.","Apply mitigations per vendor instructions or discontinue use of the product if mitigations are unavailable.",2024-12-24,Unknown,"https://www.proself.jp/information/153/ ; https://nvd.nist.gov/vuln/detail/CVE-2023-45727",CWE-611										
CVE-2023-28461,"Array Networks ","AG/vxAG ArrayOS","Array Networks AG and vxAG ArrayOS Missing Authentication for Critical Function Vulnerability",2024-11-25,"Array Networks AG and vxAG ArrayOS contain a missing authentication for critical function vulnerability that allows an attacker to read local files and execute code on the SSL VPN gateway.","Apply mitigations per vendor instructions or discontinue use of the product if mitigations are unavailable.",2024-12-16,Known,"https://support.arraynetworks.net/prx/001/http/supportportal.arraynetworks.net/documentation/FieldNotice/Array_Networks_Security_Advisory_for_Remote_Code_Execution_Vulnerability_AG.pdf ; https://nvd.nist.gov/vuln/detail/CVE-2023-28461",CWE-306										
CVE-2023-25280,D-Link,"DIR-820 Router","D-Link DIR-820 Router OS Command Injection Vulnerability",2024-09-30,"D-Link DIR-820 routers contain an OS command injection vulnerability that allows a remote, unauthenticated attacker to escalate privileges to root via a crafted payload with the ping_addr parameter to ping.ccp.","The impacted product is end-of-life (EoL) and/or end-of-service (EoS). Users should discontinue utilization of the product.",2024-10-21,Unknown,"https://supportannouncement.us.dlink.com/security/publication.aspx?name=SAP10358 ; https://nvd.nist.gov/vuln/detail/CVE-2023-25280",CWE-78										
CVE-2023-45249,Acronis,"Cyber Infrastructure (ACI)","Acronis Cyber Infrastructure (ACI) Insecure Default Password Vulnerability",2024-07-29,"Acronis Cyber Infrastructure (ACI) allows an unauthenticated user to execute commands remotely due to the use of default passwords.","Apply mitigations per vendor instructions or discontinue use of the product if mitigations are unavailable.",2024-08-19,Unknown,"https://security-advisory.acronis.com/advisories/SEC-6452;  https://nvd.nist.gov/vuln/detail/CVE-2023-45249",CWE-1393										
CVE-2023-43208,"NextGen Healthcare","Mirth Connect","NextGen Healthcare Mirth Connect Deserialization of Untrusted Data Vulnerability",2024-05-20,"NextGen Healthcare Mirth Connect contains a deserialization of untrusted data vulnerability that allows for unauthenticated remote code execution via a specially crafted request.","Apply mitigations per vendor instructions or discontinue use of the product if mitigations are unavailable.",2024-06-10,Unknown,"This vulnerability affects a common open-source component, third-party library, or a protocol used by different products. Please check with specific vendors for information on patching status.   For more information, please see: https://github.com/nextgenhealthcare/connect/wiki/4.4.1---What%27s-New ;  https://nvd.nist.gov/vuln/detail/CVE-2023-43208",CWE-502										
CVE-2023-7028,GitLab,"GitLab CE/EE","GitLab Community and Enterprise Editions Improper Access Control Vulnerability",2024-05-01,"GitLab Community and Enterprise Editions contain an improper access control vulnerability. This allows an attacker to trigger password reset emails to be sent to an unverified email address to ultimately facilitate an account takeover.","Apply mitigations per vendor instructions or discontinue use of the product if mitigations are unavailable.",2024-05-22,Unknown,"https://about.gitlab.com/releases/2024/01/11/critical-security-release-gitlab-16-7-2-released/ ;  https://nvd.nist.gov/vuln/detail/CVE-2023-7028",CWE-284										
CVE-2023-24955,Microsoft,"SharePoint Server","Microsoft SharePoint Server Code Injection Vulnerability",2024-03-26,"Microsoft SharePoint Server contains a code injection vulnerability that allows an authenticated attacker with Site Owner privileges to execute code remotely.","Apply mitigations per vendor instructions or discontinue use of the product if mitigations are unavailable.",2024-04-16,Known,"https://msrc.microsoft.com/update-guide/vulnerability/CVE-2023-24955;  https://nvd.nist.gov/vuln/detail/CVE-2023-24955",CWE-94										
CVE-2023-48788,Fortinet,"FortiClient EMS","Fortinet FortiClient EMS SQL Injection Vulnerability",2024-03-25,"Fortinet FortiClient EMS contains a SQL injection vulnerability that allows an unauthenticated attacker to execute commands as SYSTEM via specifically crafted requests.","Apply mitigations per vendor instructions or discontinue use of the product if mitigations are unavailable.",2024-04-15,Known,"https://www.fortiguard.com/psirt/FG-IR-24-007;  https://nvd.nist.gov/vuln/detail/CVE-2023-48788",CWE-89										
CVE-2023-21237,Android,Pixel,"Android Pixel Information Disclosure Vulnerability ",2024-03-05,"Android Pixel contains a vulnerability in the Framework component, where the UI may be misleading or insufficient, providing a means to hide a foreground service notification. This could enable a local attacker to disclose sensitive information.","Apply mitigations per vendor instructions or discontinue use of the product if mitigations are unavailable.",2024-03-26,Unknown,"https://source.android.com/docs/security/bulletin/pixel/2023-06-01;  https://nvd.nist.gov/vuln/detail/CVE-2023-21237",CWE-200										
CVE-2023-29360,Microsoft,"Streaming Service","Microsoft Streaming Service Untrusted Pointer Dereference Vulnerability",2024-02-29,"Microsoft Streaming Service contains an untrusted pointer dereference vulnerability that allows for privilege escalation, enabling a local attacker to gain SYSTEM privileges.","Apply mitigations per vendor instructions or discontinue use of the product if mitigations are unavailable.",2024-03-21,Unknown,"https://msrc.microsoft.com/update-guide/vulnerability/CVE-2023-29360 ;https://nvd.nist.gov/vuln/detail/CVE-2023-29360",CWE-822										
CVE-2023-43770,Roundcube,Webmail,"Roundcube Webmail Persistent Cross-Site Scripting (XSS) Vulnerability",2024-02-12,"Roundcube Webmail contains a persistent cross-site scripting (XSS) vulnerability that can lead to information disclosure via malicious link references in plain/text messages.","Apply mitigations per vendor instructions or discontinue use of the product if mitigations are unavailable.",2024-03-04,Unknown,"https://roundcube.net/news/2023/09/15/security-update-1.6.3-released ;  https://nvd.nist.gov/vuln/detail/CVE-2023-43770",CWE-79										
CVE-2023-4762,Google,"Chromium V8","Google Chromium V8 Type Confusion Vulnerability",2024-02-06,"Google Chromium V8 contains a type confusion vulnerability that allows a remote attacker to execute code via a crafted HTML page. This vulnerability could affect multiple web browsers that utilize Chromium, including, but not limited to, Google Chrome, Microsoft Edge, and Opera.","Apply mitigations per vendor instructions or discontinue use of the product if mitigations are unavailable.",2024-02-27,Unknown,"https://chromereleases.googleblog.com/2023/09/stable-channel-update-for-desktop.html; https://nvd.nist.gov/vuln/detail/CVE-2023-4762",CWE-843										
CVE-2023-22527,Atlassian,"Confluence Data Center and Server","Atlassian Confluence Data Center and Server Template Injection Vulnerability",2024-01-24,"Atlassian Confluence Data Center and Server contain an unauthenticated OGNL template injection vulnerability that can lead to remote code execution.","Apply mitigations per vendor instructions or discontinue use of the product if mitigations are unavailable.",2024-02-14,Known,"https://confluence.atlassian.com/security/cve-2023-22527-rce-remote-code-execution-vulnerability-in-confluence-data-center-and-confluence-server-1333990257.html;  https://nvd.nist.gov/vuln/detail/CVE-2023-22527",CWE-74										
CVE-2023-34048,VMware,"vCenter Server","VMware vCenter Server Out-of-Bounds Write Vulnerability",2024-01-22,"VMware vCenter Server contains an out-of-bounds write vulnerability in the implementation of the DCERPC protocol that allows an attacker to conduct remote code execution.","Apply mitigations per vendor instructions or discontinue use of the product if mitigations are unavailable.",2024-02-12,Unknown,"https://www.vmware.com/security/advisories/VMSA-2023-0023.html;  https://nvd.nist.gov/vuln/detail/CVE-2023-34048",CWE-787										
CVE-2023-35082,Ivanti,"Endpoint Manager Mobile (EPMM) and MobileIron Core","Ivanti Endpoint Manager Mobile (EPMM) and MobileIron Core Authentication Bypass Vulnerability",2024-01-18,"Ivanti Endpoint Manager Mobile (EPMM) and MobileIron Core contain an authentication bypass vulnerability that allows unauthorized users to access restricted functionality or resources of the application.","Apply mitigations per vendor instructions or discontinue use of the product if mitigations are unavailable.",2024-02-08,Known,"https://forums.ivanti.com/s/article/CVE-2023-35082-Remote-Unauthenticated-API-Access-Vulnerability-in-MobileIron-Core-11-2-and-older;  https://nvd.nist.gov/vuln/detail/CVE-2023-35082",CWE-287										
CVE-2023-6549,Citrix,"NetScaler ADC and NetScaler Gateway","Citrix NetScaler ADC and NetScaler Gateway Buffer Overflow Vulnerability",2024-01-17,"Citrix NetScaler ADC and NetScaler Gateway contain a buffer overflow vulnerability that allows for a denial-of-service when configured as a Gateway (VPN virtual server, ICA Proxy, CVPN, RDP Proxy) or AAA virtual server.","Apply mitigations per vendor instructions or discontinue use of the product if mitigations are unavailable.",2024-02-07,Unknown,"https://support.citrix.com/article/CTX584986/netscaler-adc-and-netscaler-gateway-security-bulletin-for-cve20236548-and-cve20236549;   https://nvd.nist.gov/vuln/detail/CVE-2023-6549",CWE-119										
CVE-2023-6548,Citrix,"NetScaler ADC and NetScaler Gateway","Citrix NetScaler ADC and NetScaler Gateway Code Injection Vulnerability",2024-01-17,"Citrix NetScaler ADC and NetScaler Gateway contain a code injection vulnerability that allows for authenticated remote code execution on the management interface with access to NSIP, CLIP, or SNIP.","Apply mitigations per vendor instructions or discontinue use of the product if mitigations are unavailable.",2024-01-24,Unknown,"https://support.citrix.com/article/CTX584986/netscaler-adc-and-netscaler-gateway-security-bulletin-for-cve20236548-and-cve20236549;   https://nvd.nist.gov/vuln/detail/CVE-2023-6548",CWE-94										
CVE-2023-29357,Microsoft,"SharePoint Server","Microsoft SharePoint Server Privilege Escalation Vulnerability",2024-01-10,"Microsoft SharePoint Server contains an unspecified vulnerability that allows an unauthenticated attacker, who has gained access to spoofed JWT authentication tokens, to use them for executing a network attack. This attack bypasses authentication, enabling the attacker to gain administrator privileges.","Apply mitigations per vendor instructions or discontinue use of the product if mitigations are unavailable.",2024-01-31,Known,"https://msrc.microsoft.com/update-guide/vulnerability/CVE-2023-29357; https://nvd.nist.gov/vuln/detail/CVE-2023-29357",CWE-303										
CVE-2023-46805,Ivanti,"Connect Secure and Policy Secure","Ivanti Connect Secure and Policy Secure Authentication Bypass Vulnerability",2024-01-10,"Ivanti Connect Secure (ICS, formerly known as Pulse Connect Secure) and Ivanti Policy Secure gateways contain an authentication bypass vulnerability in the web component that allows an attacker to access restricted resources by bypassing control checks. This vulnerability can be leveraged in conjunction with CVE-2024-21887, a command injection vulnerability.","Apply mitigations per vendor instructions or discontinue use of the product if mitigations are unavailable.",2024-01-22,Unknown,"Please apply mitigations per vendor instructions. For more information, please see: https://forums.ivanti.com/s/article/KB-CVE-2023-46805-Authentication-Bypass-CVE-2024-21887-Command-Injection-for-Ivanti-Connect-Secure-and-Ivanti-Policy-Secure-Gateways?language=en_US ;  https://nvd.nist.gov/vuln/detail/CVE-2023-46805",CWE-287										
CVE-2023-23752,Joomla!,Joomla!,"Joomla! Improper Access Control Vulnerability",2024-01-08,"Joomla! contains an improper access control vulnerability that allows unauthorized access to webservice endpoints.","Apply mitigations per vendor instructions or discontinue use of the product if mitigations are unavailable.",2024-01-29,Unknown,"https://developer.joomla.org/security-centre/894-20230201-core-improper-access-check-in-webservice-endpoints.html;  https://nvd.nist.gov/vuln/detail/CVE-2023-23752",CWE-284										
CVE-2023-41990,Apple,"Multiple Products","Apple Multiple Products Code Execution Vulnerability",2024-01-08,"Apple iOS, iPadOS, macOS, tvOS, and watchOS contain an unspecified vulnerability that allows for code execution when processing a font file.","Apply mitigations per vendor instructions or discontinue use of the product if mitigations are unavailable.",2024-01-29,Unknown,"https://support.apple.com/en-us/HT213599, https://support.apple.com/en-us/HT213601, https://support.apple.com/en-us/HT213605, https://support.apple.com/en-us/HT213606, https://support.apple.com/en-us/HT213842, https://support.apple.com/en-us/HT213844, https://support.apple.com/en-us/HT213845 ;  https://nvd.nist.gov/vuln/detail/CVE-2023-41990",										
CVE-2023-27524,Apache,Superset,"Apache Superset Insecure Default Initialization of Resource Vulnerability",2024-01-08,"Apache Superset contains an insecure default initialization of a resource vulnerability that allows an attacker to authenticate and access unauthorized resources on installations that have not altered the default configured SECRET_KEY according to installation instructions.","Apply mitigations per vendor instructions or discontinue use of the product if mitigations are unavailable.",2024-01-29,Unknown,"https://lists.apache.org/thread/n0ftx60sllf527j7g11kmt24wvof8xyk;  https://nvd.nist.gov/vuln/detail/CVE-2023-27524",CWE-1188										
CVE-2023-29300,Adobe,ColdFusion,"Adobe ColdFusion Deserialization of Untrusted Data Vulnerability",2024-01-08,"Adobe ColdFusion contains a deserialization of untrusted data vulnerability that allows for code execution.","Apply mitigations per vendor instructions or discontinue use of the product if mitigations are unavailable.",2024-01-29,Known,"https://helpx.adobe.com/security/products/coldfusion/apsb23-40.html; https://nvd.nist.gov/vuln/detail/CVE-2023-29300",CWE-502										
CVE-2023-38203,Adobe,ColdFusion,"Adobe ColdFusion Deserialization of Untrusted Data Vulnerability",2024-01-08,"Adobe ColdFusion contains a deserialization of untrusted data vulnerability that allows for code execution.","Apply mitigations per vendor instructions or discontinue use of the product if mitigations are unavailable.",2024-01-29,Known,"https://helpx.adobe.com/security/products/coldfusion/apsb23-41.html ;  https://nvd.nist.gov/vuln/detail/CVE-2023-38203",CWE-502										
CVE-2023-7101,Spreadsheet::ParseExcel,Spreadsheet::ParseExcel,"Spreadsheet::ParseExcel Remote Code Execution Vulnerability",2024-01-02,"Spreadsheet::ParseExcel contains a remote code execution vulnerability due to passing unvalidated input from a file into a string-type “eval”. Specifically, the issue stems from the evaluation of Number format strings within the Excel parsing logic.","Apply mitigations per vendor instructions or discontinue use of the product if mitigations are unavailable.",2024-01-23,Unknown,"This vulnerability affects a common open-source component, third-party library, or a protocol used by different products. Please check with specific vendors for information on patching status. For more information, please see: https://metacpan.org/dist/Spreadsheet-ParseExcel and Barracuda's specific implementation and fix for their downstream issue CVE-2023-7102 at https://www.barracuda.com/company/legal/esg-vulnerability;  https://nvd.nist.gov/vuln/detail/CVE-2023-7101",CWE-95										
CVE-2023-7024,Google,"Chromium WebRTC","Google Chromium WebRTC Heap Buffer Overflow Vulnerability",2024-01-02,"Google Chromium WebRTC, an open-source project providing web browsers with real-time communication, contains a heap buffer overflow vulnerability that allows a remote attacker to potentially exploit heap corruption via a crafted HTML page. This vulnerability could impact web browsers using WebRTC, including but not limited to Google Chrome.","Apply mitigations per vendor instructions or discontinue use of the product if mitigations are unavailable.",2024-01-23,Unknown,"This vulnerability affects a common open-source component, third-party library, or a protocol used by different products. Please check with specific vendors for information on patching status. For more information, please see: https://chromereleases.googleblog.com/2023/12/stable-channel-update-for-desktop_20.html;  https://nvd.nist.gov/vuln/detail/CVE-2023-7024",CWE-787										
CVE-2023-49897,FXC,"AE1021, AE1021PE","FXC AE1021, AE1021PE OS Command Injection Vulnerability",2023-12-21,"FXC AE1021 and AE1021PE contain an OS command injection vulnerability that allows authenticated users to execute commands via a network.","Apply mitigations per vendor instructions or discontinue use of the product if mitigations are unavailable.",2024-01-11,Unknown,"https://www.fxc.jp/news/20231206 ;  https://nvd.nist.gov/vuln/detail/CVE-2023-49897",CWE-78										
CVE-2023-47565,QNAP,"VioStor NVR","QNAP VioStor NVR OS Command Injection Vulnerability",2023-12-21,"QNAP VioStar NVR contains an OS command injection vulnerability that allows authenticated users to execute commands via a network.","Apply mitigations per vendor instructions or discontinue use of the product if mitigations are unavailable.",2024-01-11,Unknown,"https://www.qnap.com/en/security-advisory/qsa-23-48 ;  https://nvd.nist.gov/vuln/detail/CVE-2023-47565",CWE-78										
CVE-2023-6448,Unitronics,"Vision PLC and HMI","Unitronics Vision PLC and HMI Insecure Default Password Vulnerability",2023-12-11,"Unitronics Vision Series PLCs and HMIs ship with an insecure default password, which if left unchanged, can allow attackers to execute remote commands.","Apply mitigations per vendor instructions or discontinue use of the product if mitigations are unavailable.",2023-12-18,Unknown,"Note that while it is possible to change the default password, implementors are encouraged to remove affected controllers from public networks and update the affected firmware: https://downloads.unitronicsplc.com/Sites/plc/Technical_Library/Unitronics-Cybersecurity-Advisory-2023-001-CVE-2023-6448.pdf;   https://nvd.nist.gov/vuln/detail/CVE-2023-6448",CWE-1188										
CVE-2023-41266,Qlik,Sense,"Qlik Sense Path Traversal Vulnerability",2023-12-07,"Qlik Sense contains a path traversal vulnerability that allows a remote, unauthenticated attacker to create an anonymous session by sending maliciously crafted HTTP requests. This anonymous session could allow the attacker to send further requests to unauthorized endpoints.","Apply remediations or mitigations per vendor instructions or discontinue use of the product if remediation or mitigations are unavailable.",2023-12-28,Known,"https://community.qlik.com/t5/Official-Support-Articles/Critical-Security-fixes-for-Qlik-Sense-Enterprise-for-Windows/ta-p/2110801  ;  https://nvd.nist.gov/vuln/detail/CVE-2023-41266",CWE-20										
CVE-2023-41265,Qlik,Sense,"Qlik Sense HTTP Tunneling Vulnerability",2023-12-07,"Qlik Sense contains an HTTP tunneling vulnerability that allows an attacker to escalate privileges and execute HTTP requests on the backend server hosting the software.","Apply remediations or mitigations per vendor instructions or discontinue use of the product if remediation or mitigations are unavailable.",2023-12-28,Known,"https://community.qlik.com/t5/Official-Support-Articles/Critical-Security-fixes-for-Qlik-Sense-Enterprise-for-Windows/ta-p/2110801;  https://nvd.nist.gov/vuln/detail/CVE-2023-41265",CWE-444										
CVE-2023-33107,Qualcomm,"Multiple Chipsets","Qualcomm Multiple Chipsets Integer Overflow Vulnerability",2023-12-05,"Multiple Qualcomm chipsets contain an integer overflow vulnerability due to memory corruption in Graphics Linux while assigning shared virtual memory region during IOCTL call.","Apply remediations or mitigations per vendor instructions or discontinue use of the product if remediation or mitigations are unavailable.",2023-12-26,Unknown,"This vulnerability affects a common open-source component, third-party library, or a protocol used by different products. Please check with specific vendors for information on patching status. For more information, please see: https://git.codelinaro.org/clo/la/kernel/msm-4.19/-/commit/d66b799c804083ea5226cfffac6d6c4e7ad4968b;  https://nvd.nist.gov/vuln/detail/CVE-2023-33107",CWE-190										
CVE-2023-33106,Qualcomm,"Multiple Chipsets","Qualcomm Multiple Chipsets Use of Out-of-Range Pointer Offset Vulnerability",2023-12-05,"Multiple Qualcomm chipsets contain a use of out-of-range pointer offset vulnerability due to memory corruption in Graphics while submitting a large list of sync points in an AUX command to the IOCTL_KGSL_GPU_AUX_COMMAND.","Apply remediations or mitigations per vendor instructions or discontinue use of the product if remediation or mitigations are unavailable.",2023-12-26,Unknown,"This vulnerability affects a common open-source component, third-party library, or a protocol used by different products. Please check with specific vendors for information on patching status. For more information, please see: https://git.codelinaro.org/clo/la/kernel/msm-4.19/-/commit/1e46e81dbeb69aafd5842ce779f07e617680fd58;  https://nvd.nist.gov/vuln/detail/CVE-2023-33106",CWE-823										
CVE-2023-33063,Qualcomm,"Multiple Chipsets","Qualcomm Multiple Chipsets Use-After-Free Vulnerability",2023-12-05,"Multiple Qualcomm chipsets contain a use-after-free vulnerability due to memory corruption in DSP Services during a remote call from HLOS to DSP.","Apply remediations or mitigations per vendor instructions or discontinue use of the product if remediation or mitigations are unavailable.",2023-12-26,Unknown,"This vulnerability affects a common open-source component, third-party library, or a protocol used by different products. Please check with specific vendors for information on patching status. For more information, please see: https://git.codelinaro.org/clo/la/kernel/msm-5.15/-/commit/2643808ddbedfaabbb334741873fb2857f78188a, https://git.codelinaro.org/clo/la/kernel/msm-4.14/-/commit/d43222efda5a01c9804d74a541e3c1be9b7fe110;  https://nvd.nist.gov/vuln/detail/CVE-2023-33063",CWE-416										
CVE-2023-42917,Apple,"Multiple Products","Apple Multiple Products WebKit Memory Corruption Vulnerability",2023-12-04,"Apple iOS, iPadOS, macOS, and Safari WebKit contain a memory corruption vulnerability that leads to code execution when processing maliciously crafted web content. This vulnerability could impact HTML parsers that use WebKit, including but not limited to Apple Safari and non-Apple products which rely on WebKit for HTML processing.","Apply remediations or mitigations per vendor instructions or discontinue use of the product if remediation or mitigations are unavailable.",2023-12-25,Unknown,"https://support.apple.com/en-us/HT214031, https://support.apple.com/en-us/HT214032, https://support.apple.com/en-us/HT214033 ;  https://nvd.nist.gov/vuln/detail/CVE-2023-42917",CWE-787										
CVE-2023-42916,Apple,"Multiple Products","Apple Multiple Products WebKit Out-of-Bounds Read Vulnerability",2023-12-04,"Apple iOS, iPadOS, macOS, and Safari WebKit contain an out-of-bounds read vulnerability that may disclose sensitive information when processing maliciously crafted web content. This vulnerability could impact HTML parsers that use WebKit, including but not limited to Apple Safari and non-Apple products which rely on WebKit for HTML processing.","Apply remediations or mitigations per vendor instructions or discontinue use of the product if remediation or mitigations are unavailable.",2023-12-25,Unknown,"https://support.apple.com/en-us/HT214031, https://support.apple.com/en-us/HT214032, https://support.apple.com/en-us/HT214033 ;  https://nvd.nist.gov/vuln/detail/CVE-2023-42916",CWE-125										
CVE-2023-6345,Google,"Chromium Skia","Google Skia Integer Overflow Vulnerability",2023-11-30,"Google Chromium Skia contains an integer overflow vulnerability that allows a remote attacker, who has compromised the renderer process, to potentially perform a sandbox escape via a malicious file. This vulnerability affects Google Chrome and ChromeOS, Android, Flutter, and possibly other products.","Apply mitigations per vendor instructions or discontinue use of the product if mitigations are unavailable.",2023-12-21,Unknown,"This vulnerability affects a common open-source component, third-party library, or a protocol used by different products. Please check with specific vendors for information on patching status. For more information, please see: https://chromereleases.googleblog.com/2023/11/stable-channel-update-for-desktop_28.html ;  https://nvd.nist.gov/vuln/detail/CVE-2023-6345",CWE-190										
CVE-2023-49103,ownCloud,"ownCloud graphapi","ownCloud graphapi Information Disclosure Vulnerability",2023-11-30,"ownCloud graphapi contains an information disclosure vulnerability that can reveal sensitive data stored in phpinfo() via GetPhpInfo.php, including administrative credentials.","Apply mitigations per vendor instructions or discontinue use of the product if mitigations are unavailable.",2023-12-21,Unknown,"https://owncloud.com/security-advisories/disclosure-of-sensitive-credentials-and-configuration-in-containerized-deployments/ ;  https://nvd.nist.gov/vuln/detail/CVE-2023-49103",										
CVE-2023-4911,GNU,"GNU C Library","GNU C Library Buffer Overflow Vulnerability",2023-11-21,"GNU C Library's dynamic loader ld.so contains a buffer overflow vulnerability when processing the GLIBC_TUNABLES environment variable, allowing a local attacker to execute code with elevated privileges.","Apply mitigations per vendor instructions or discontinue use of the product if mitigations are unavailable.",2023-12-12,Unknown,"This vulnerability affects a common open-source component, third-party library, or a protocol used by different products. Please check with specific vendors for information on patching status. For more information, please see: https://sourceware.org/git/?p=glibc.git;a=commitdiff;h=1056e5b4c3f2d90ed2b4a55f96add28da2f4c8fa, https://access.redhat.com/security/cve/cve-2023-4911, https://www.debian.org/security/2023/dsa-5514 ; https://nvd.nist.gov/vuln/detail/CVE-2023-4911  ",CWE-122										
CVE-2023-36584,Microsoft,Windows,"Microsoft Windows Mark of the Web (MOTW) Security Feature Bypass Vulnerability",2023-11-16,"Microsoft Windows Mark of the Web (MOTW) contains a security feature bypass vulnerability resulting in a limited loss of integrity and availability of security features.","Apply mitigations per vendor instructions or discontinue use of the product if mitigations are unavailable.",2023-12-07,Unknown,"https://msrc.microsoft.com/update-guide/vulnerability/CVE-2023-36584 ;  https://nvd.nist.gov/vuln/detail/CVE-2023-36584",										
CVE-2023-1671,Sophos,"Web Appliance","Sophos Web Appliance Command Injection Vulnerability",2023-11-16,"Sophos Web Appliance contains a command injection vulnerability in the warn-proceed handler that allows for remote code execution.","Apply mitigations per vendor instructions or discontinue use of the product if mitigations are unavailable.",2023-12-07,Unknown,"https://www.sophos.com/en-us/security-advisories/sophos-sa-20230404-swa-rce;  https://nvd.nist.gov/vuln/detail/CVE-2023-1671",CWE-77										
CVE-2023-36033,Microsoft,Windows,"Microsoft Windows Desktop Window Manager (DWM) Core Library Privilege Escalation Vulnerability",2023-11-14,"Microsoft Windows Desktop Window Manager (DWM) Core Library contains an unspecified vulnerability that allows for privilege escalation.","Apply mitigations per vendor instructions or discontinue use of the product if mitigations are unavailable.",2023-12-05,Unknown,"https://msrc.microsoft.com/update-guide/en-US/vulnerability/CVE-2023-36033 ;  https://nvd.nist.gov/vuln/detail/CVE-2023-36033",CWE-822										
CVE-2023-36025,Microsoft,Windows,"Microsoft Windows SmartScreen Security Feature Bypass Vulnerability",2023-11-14,"Microsoft Windows SmartScreen contains a security feature bypass vulnerability that could allow an attacker to bypass Windows Defender SmartScreen checks and their associated prompts.","Apply mitigations per vendor instructions or discontinue use of the product if mitigations are unavailable.",2023-12-05,Unknown,"https://msrc.microsoft.com/update-guide/en-US/vulnerability/CVE-2023-36025;  https://nvd.nist.gov/vuln/detail/CVE-2023-36025",										
CVE-2023-36036,Microsoft,Windows,"Microsoft Windows Cloud Files Mini Filter Driver Privilege Escalation Vulnerability",2023-11-14,"Microsoft Windows Cloud Files Mini Filter Driver contains a privilege escalation vulnerability that could allow an attacker to gain SYSTEM privileges.","Apply mitigations per vendor instructions or discontinue use of the product if mitigations are unavailable.",2023-12-05,Unknown,"https://msrc.microsoft.com/update-guide/en-US/vulnerability/CVE-2023-36036 ;  https://nvd.nist.gov/vuln/detail/CVE-2023-36036",CWE-122										
CVE-2023-47246,SysAid,"SysAid Server","SysAid Server Path Traversal Vulnerability",2023-11-13,"SysAid Server (on-premises version) contains a path traversal vulnerability that leads to code execution.","Apply mitigations per vendor instructions or discontinue use of the product if mitigations are unavailable.",2023-12-04,Known,"https://www.sysaid.com/blog/service-desk/on-premise-software-security-vulnerability-notification; https://nvd.nist.gov/vuln/detail/CVE-2023-47246",CWE-22										
CVE-2023-36844,Juniper,"Junos OS","Juniper Junos OS EX Series PHP External Variable Modification Vulnerability",2023-11-13,"Juniper Junos OS on EX Series contains a PHP external variable modification vulnerability that allows an unauthenticated, network-based attacker to control certain, important environment variables. Using a crafted request an attacker is able to modify certain PHP environment variables, leading to partial loss of integrity, which may allow chaining to other vulnerabilities.","Apply mitigations per vendor instructions or discontinue use of the product if mitigations are unavailable.",2023-11-17,Unknown,"https://supportportal.juniper.net/s/article/2023-08-Out-of-Cycle-Security-Bulletin-Junos-OS-SRX-Series-and-EX-Series-Multiple-vulnerabilities-in-J-Web-can-be-combined-to-allow-a-preAuth-Remote-Code-Execution?language=en_US ;  https://nvd.nist.gov/vuln/detail/CVE-2023-36844",CWE-473										
CVE-2023-36845,Juniper,"Junos OS","Juniper Junos OS EX Series and SRX Series PHP External Variable Modification Vulnerability",2023-11-13,"Juniper Junos OS on EX Series and SRX Series contains a PHP external variable modification vulnerability that allows an unauthenticated, network-based attacker to control an important environment variable. Using a crafted request, which sets the variable PHPRC, an attacker is able to modify the PHP execution environment allowing the injection und execution of code.","Apply mitigations per vendor instructions or discontinue use of the product if mitigations are unavailable.",2023-11-17,Unknown,"https://supportportal.juniper.net/s/article/2023-08-Out-of-Cycle-Security-Bulletin-Junos-OS-SRX-Series-and-EX-Series-Multiple-vulnerabilities-in-J-Web-can-be-combined-to-allow-a-preAuth-Remote-Code-Execution?language=en_US ;  https://nvd.nist.gov/vuln/detail/CVE-2023-36845",CWE-473										
CVE-2023-36846,Juniper,"Junos OS","Juniper Junos OS SRX Series Missing Authentication for Critical Function Vulnerability",2023-11-13,"Juniper Junos OS on SRX Series contains a missing authentication for critical function vulnerability that allows an unauthenticated, network-based attacker to cause limited impact to the file system integrity. With a specific request to user.php that doesn't require authentication, an attacker is able to upload arbitrary files via J-Web, leading to a loss of integrity for a certain part of the file system, which may allow chaining to other vulnerabilities.","Apply mitigations per vendor instructions or discontinue use of the product if mitigations are unavailable.",2023-11-17,Unknown,"https://supportportal.juniper.net/s/article/2023-08-Out-of-Cycle-Security-Bulletin-Junos-OS-SRX-Series-and-EX-Series-Multiple-vulnerabilities-in-J-Web-can-be-combined-to-allow-a-preAuth-Remote-Code-Execution?language=en_US ;  https://nvd.nist.gov/vuln/detail/CVE-2023-36846",CWE-306										
CVE-2023-36847,Juniper,"Junos OS","Juniper Junos OS EX Series Missing Authentication for Critical Function Vulnerability",2023-11-13,"Juniper Junos OS on EX Series contains a missing authentication for critical function vulnerability that allows an unauthenticated, network-based attacker to cause limited impact to the file system integrity. With a specific request to installAppPackage.php that doesn't require authentication, an attacker is able to upload arbitrary files via J-Web, leading to a loss of integrity for a certain part of the file system, which may allow chaining to other vulnerabilities.","Apply mitigations per vendor instructions or discontinue use of the product if mitigations are unavailable.",2023-11-17,Unknown,"https://supportportal.juniper.net/s/article/2023-08-Out-of-Cycle-Security-Bulletin-Junos-OS-SRX-Series-and-EX-Series-Multiple-vulnerabilities-in-J-Web-can-be-combined-to-allow-a-preAuth-Remote-Code-Execution?language=en_US;  https://nvd.nist.gov/vuln/detail/CVE-2023-36847",CWE-306										
CVE-2023-36851,Juniper,"Junos OS","Juniper Junos OS SRX Series Missing Authentication for Critical Function Vulnerability",2023-11-13,"Juniper Junos OS on SRX Series contains a missing authentication for critical function vulnerability that allows an unauthenticated, network-based attacker to cause limited impact to the file system integrity. With a specific request to webauth_operation.php that doesn't require authentication, an attacker is able to upload arbitrary files via J-Web, leading to a loss of integrity for a certain part of the file system, which may allow chaining to other vulnerabilities.","Apply mitigations per vendor instructions or discontinue use of the product if mitigations are unavailable.",2023-11-17,Unknown,"https://supportportal.juniper.net/s/article/2023-08-Out-of-Cycle-Security-Bulletin-Junos-OS-SRX-Series-and-EX-Series-Multiple-vulnerabilities-in-J-Web-can-be-combined-to-allow-a-preAuth-Remote-Code-Execution?language=en_US ;  https://nvd.nist.gov/vuln/detail/CVE-2023-36851",CWE-306										
CVE-2023-29552,IETF,"Service Location Protocol (SLP)","Service Location Protocol (SLP) Denial-of-Service Vulnerability",2023-11-08,"The Service Location Protocol (SLP) contains a denial-of-service (DoS) vulnerability that could allow an unauthenticated, remote attacker to register services and use spoofed UDP traffic to conduct a denial-of-service (DoS) attack with a significant amplification factor.","Apply mitigations per vendor instructions or disable SLP service or port 427/UDP on all systems running on untrusted networks, including those directly connected to the Internet.",2023-11-29,Unknown,"This vulnerability affects a common open-source component, third-party library, or a protocol used by different products. Please check with specific vendors for information on the patching status. For more information please see https://www.bitsight.com/blog/new-high-severity-vulnerability-cve-2023-29552-discovered-service-location-protocol-slp and https://www.cisa.gov/news-events/alerts/2023/04/25/abuse-service-location-protocol-may-lead-dos-attacks.;  https://nvd.nist.gov/vuln/detail/CVE-2023-29552",										
CVE-2023-22518,Atlassian,"Confluence Data Center and Server","Atlassian Confluence Data Center and Server Improper Authorization Vulnerability",2023-11-07,"Atlassian Confluence Data Center and Server contain an improper authorization vulnerability that can result in significant data loss when exploited by an unauthenticated attacker. There is no impact on confidentiality since the attacker cannot exfiltrate any data.","Apply mitigations per vendor instructions or discontinue use of the product if mitigations are unavailable.",2023-11-28,Known,"https://confluence.atlassian.com/security/cve-2023-22518-improper-authorization-vulnerability-in-confluence-data-center-and-server-1311473907.html;  https://nvd.nist.gov/vuln/detail/CVE-2023-22518",CWE-863										
CVE-2023-46604,Apache,ActiveMQ,"Apache ActiveMQ Deserialization of Untrusted Data Vulnerability",2023-11-02,"Apache ActiveMQ contains a deserialization of untrusted data vulnerability that may allow a remote attacker with network access to a broker to run shell commands by manipulating serialized class types in the OpenWire protocol to cause the broker to instantiate any class on the classpath.","Apply mitigations per vendor instructions or discontinue use of the product if mitigations are unavailable.",2023-11-23,Known,"https://activemq.apache.org/security-advisories.data/CVE-2023-46604-announcement.txt; https://nvd.nist.gov/vuln/detail/CVE-2023-46604",CWE-502										
CVE-2023-46748,F5,"BIG-IP Configuration Utility","F5 BIG-IP Configuration Utility SQL Injection Vulnerability",2023-10-31,"F5 BIG-IP Configuration utility contains an SQL injection vulnerability that may allow an authenticated attacker with network access through the BIG-IP management port and/or self IP addresses to execute system commands. This vulnerability can be used in conjunction with CVE-2023-46747.","Apply mitigations per vendor instructions or discontinue use of the product if mitigations are unavailable.",2023-11-21,Unknown,"https://my.f5.com/manage/s/article/K000137365 ;  https://nvd.nist.gov/vuln/detail/CVE-2023-46748",CWE-89										
CVE-2023-46747,F5,"BIG-IP Configuration Utility","F5 BIG-IP Configuration Utility Authentication Bypass Vulnerability",2023-10-31,"F5 BIG-IP Configuration utility contains an authentication bypass using an alternate path or channel vulnerability due to undisclosed requests that may allow an unauthenticated attacker with network access to the BIG-IP system through the management port and/or self IP addresses to execute system commands. This vulnerability can be used in conjunction with CVE-2023-46748.","Apply mitigations per vendor instructions or discontinue use of the product if mitigations are unavailable.",2023-11-21,Known,"https://my.f5.com/manage/s/article/K000137353;   https://nvd.nist.gov/vuln/detail/CVE-2023-46747",CWE-288										
CVE-2023-5631,Roundcube,Webmail,"Roundcube Webmail Persistent Cross-Site Scripting (XSS) Vulnerability",2023-10-26,"Roundcube Webmail contains a persistent cross-site scripting (XSS) vulnerability that allows a remote attacker to run malicious JavaScript code.","Apply mitigations per vendor instructions or discontinue use of the product if mitigations are unavailable.",2023-11-16,Unknown,"https://roundcube.net/news/2023/10/16/security-update-1.6.4-released, https://roundcube.net/news/2023/10/16/security-updates-1.5.5-and-1.4.15 ;  https://nvd.nist.gov/vuln/detail/CVE-2023-5631",CWE-79										
CVE-2023-20273,Cisco,"Cisco IOS XE Web UI","Cisco IOS XE Web UI Command Injection Vulnerability",2023-10-23,"Cisco IOS XE contains a command injection vulnerability in the web user interface. When chained with CVE-2023-20198, the attacker can leverage the new local user to elevate privilege to root and write the implant to the file system. Cisco identified CVE-2023-20273 as the vulnerability exploited to deploy the implant. CVE-2021-1435, previously associated with the exploitation events, is no longer believed to be related to this activity.","Verify that instances of Cisco IOS XE Web UI are in compliance with BOD 23-02 and apply mitigations per vendor instructions. For affected products (Cisco IOS XE Web UI exposed to the internet or to untrusted networks), follow vendor instructions to determine if a system may have been compromised and immediately report positive findings to CISA.",2023-10-27,Unknown,"https://sec.cloudapps.cisco.com/security/center/content/CiscoSecurityAdvisory/cisco-sa-iosxe-webui-privesc-j22SaA4z;  https://nvd.nist.gov/vuln/detail/CVE-2023-20273",CWE-78										
CVE-2023-4966,Citrix,"NetScaler ADC and NetScaler Gateway","Citrix NetScaler ADC and NetScaler Gateway Buffer Overflow Vulnerability",2023-10-18,"Citrix NetScaler ADC and NetScaler Gateway contain a buffer overflow vulnerability that allows for sensitive information disclosure when configured as a Gateway (VPN virtual server, ICA Proxy, CVPN, RDP Proxy) or AAA virtual server.","Apply mitigations and kill all active and persistent sessions per vendor instructions [https://www.netscaler.com/blog/news/cve-2023-4966-critical-security-update-now-available-for-netscaler-adc-and-netscaler-gateway/] OR discontinue use of the product if mitigations are unavailable.",2023-11-08,Known,"https://www.netscaler.com/blog/news/cve-2023-4966-critical-security-update-now-available-for-netscaler-adc-and-netscaler-gateway/, https://support.citrix.com/article/CTX579459/netscaler-adc-and-netscaler-gateway-security-bulletin-for-cve20234966-and-cve20234967 ;  https://nvd.nist.gov/vuln/detail/CVE-2023-4966",CWE-119										
CVE-2023-20198,Cisco,"IOS XE Web UI","Cisco IOS XE Web UI Privilege Escalation Vulnerability",2023-10-16,"Cisco IOS XE Web UI contains a privilege escalation vulnerability in the web user interface that could allow a remote, unauthenticated attacker to create an account with privilege level 15 access. The attacker can then use that account to gain control of the affected device.","Verify that instances of Cisco IOS XE Web UI are in compliance with BOD 23-02 and apply mitigations per vendor instructions. For affected products (Cisco IOS XE Web UI exposed to the internet or to untrusted networks), follow vendor instructions to determine if a system may have been compromised and immediately report positive findings to CISA.",2023-10-20,Unknown,"https://www.cisco.com/c/en/us/support/docs/ios-nx-os-software/ios-xe-dublin-17121/221128-software-fix-availability-for-cisco-ios.html;  https://nvd.nist.gov/vuln/detail/CVE-2023-20198",CWE-420										
CVE-2023-21608,Adobe,"Acrobat and Reader","Adobe Acrobat and Reader Use-After-Free Vulnerability",2023-10-10,"Adobe Acrobat and Reader contains a use-after-free vulnerability that allows for code execution in the context of the current user.","Apply mitigations per vendor instructions or discontinue use of the product if mitigations are unavailable.",2023-10-31,Unknown,"https://helpx.adobe.com/security/products/acrobat/apsb23-01.html;  https://nvd.nist.gov/vuln/detail/CVE-2023-21608",CWE-416										
CVE-2023-20109,Cisco,"IOS and IOS XE","Cisco IOS and IOS XE Group Encrypted Transport VPN Out-of-Bounds Write Vulnerability",2023-10-10,"Cisco IOS and IOS XE contain an out-of-bounds write vulnerability in the Group Encrypted Transport VPN (GET VPN) feature that could allow an authenticated, remote attacker who has administrative control of either a group member or a key server to execute malicious code or cause a device to crash.","Apply mitigations per vendor instructions or discontinue use of the product if mitigations are unavailable.",2023-10-31,Unknown,"https://sec.cloudapps.cisco.com/security/center/content/CiscoSecurityAdvisory/cisco-sa-getvpn-rce-g8qR68sx;  https://nvd.nist.gov/vuln/detail/CVE-2023-20109",CWE-787										
CVE-2023-41763,Microsoft,"Skype for Business","Microsoft Skype for Business Privilege Escalation Vulnerability",2023-10-10,"Microsoft Skype for Business contains an unspecified vulnerability that allows for privilege escalation.","Apply mitigations per vendor instructions or discontinue use of the product if mitigations are unavailable.",2023-10-31,Unknown,"https://msrc.microsoft.com/update-guide/en-US/vulnerability/CVE-2023-41763;   https://nvd.nist.gov/vuln/detail/CVE-2023-41763",CWE-918										
CVE-2023-36563,Microsoft,WordPad,"Microsoft WordPad Information Disclosure Vulnerability",2023-10-10,"Microsoft WordPad contains an unspecified vulnerability that allows for information disclosure.","Apply mitigations per vendor instructions or discontinue use of the product if mitigations are unavailable.",2023-10-31,Unknown,"https://msrc.microsoft.com/update-guide/en-US/vulnerability/CVE-2023-36563;  https://nvd.nist.gov/vuln/detail/CVE-2023-36563",CWE-20										
CVE-2023-44487,IETF,HTTP/2,"HTTP/2 Rapid Reset Attack Vulnerability",2023-10-10,"HTTP/2 contains a rapid reset vulnerability that allows for a distributed denial-of-service attack (DDoS).","Apply mitigations per vendor instructions, follow applicable BOD 22-01 guidance for cloud services, or discontinue use of the product if mitigations are unavailable.",2023-10-31,Unknown,"This vulnerability affects a common open-source component, third-party library, or protocol used by different products. For more information, please see: HTTP/2 Rapid Reset Vulnerability, CVE-2023-44487 | CISA: https://www.cisa.gov/news-events/alerts/2023/10/10/http2-rapid-reset-vulnerability-cve-2023-44487; https://blog.cloudflare.com/technical-breakdown-http2-rapid-reset-ddos-attack/;  https://nvd.nist.gov/vuln/detail/CVE-2023-44487",CWE-400										
CVE-2023-22515,Atlassian,"Confluence Data Center and Server","Atlassian Confluence Data Center and Server Broken Access Control Vulnerability",2023-10-05,"Atlassian Confluence Data Center and Server contains a broken access control vulnerability that allows an attacker to create unauthorized Confluence administrator accounts and access Confluence.","Apply mitigations per vendor instructions or discontinue use of the product if mitigations are unavailable. Check all affected Confluence instances for evidence of compromise per vendor instructions and report any positive findings to CISA.",2023-10-13,Known,"https://confluence.atlassian.com/security/cve-2023-22515-privilege-escalation-vulnerability-in-confluence-data-center-and-server-1295682276.html;  https://nvd.nist.gov/vuln/detail/CVE-2023-22515",										
CVE-2023-40044,Progress,"WS_FTP Server","Progress WS_FTP Server Deserialization of Untrusted Data Vulnerability",2023-10-05,"Progress WS_FTP Server contains a deserialization of untrusted data vulnerability in the Ad Hoc Transfer module that allows an authenticated attacker to execute remote commands on the underlying operating system.","Apply mitigations per vendor instructions or discontinue use of the product if mitigations are unavailable.",2023-10-26,Known,"https://community.progress.com/s/article/WS-FTP-Server-Critical-Vulnerability-September-2023; https://nvd.nist.gov/vuln/detail/CVE-2023-40044",CWE-502										
CVE-2023-42824,Apple,"iOS and iPadOS","Apple iOS and iPadOS Kernel Privilege Escalation Vulnerability",2023-10-05,"Apple iOS and iPadOS contain an unspecified vulnerability that allows for local privilege escalation.","Apply mitigations per vendor instructions or discontinue use of the product if mitigations are unavailable.",2023-10-26,Unknown,"https://support.apple.com/en-us/HT213961;  https://nvd.nist.gov/vuln/detail/CVE-2023-42824",										
CVE-2023-42793,JetBrains,TeamCity,"JetBrains TeamCity Authentication Bypass Vulnerability",2023-10-04,"JetBrains TeamCity contains an authentication bypass vulnerability that allows for remote code execution on TeamCity Server.","Apply mitigations per vendor instructions or discontinue use of the product if mitigations are unavailable.",2023-10-25,Known,"https://blog.jetbrains.com/teamcity/2023/09/critical-security-issue-affecting-teamcity-on-premises-update-to-2023-05-4-now/ ;  https://nvd.nist.gov/vuln/detail/CVE-2023-42793",CWE-288										
CVE-2023-28229,Microsoft,"Windows CNG Key Isolation Service","Microsoft Windows CNG Key Isolation Service Privilege Escalation Vulnerability",2023-10-04,"Microsoft Windows Cryptographic Next Generation (CNG) Key Isolation Service contains an unspecified vulnerability that allows an attacker to gain specific limited SYSTEM privileges.","Apply mitigations per vendor instructions or discontinue use of the product if mitigations are unavailable.",2023-10-25,Unknown,"https://msrc.microsoft.com/update-guide/vulnerability/CVE-2023-28229; https://nvd.nist.gov/vuln/detail/CVE-2023-28229",CWE-591										
CVE-2023-4211,Arm,"Mali GPU Kernel Driver","Arm Mali GPU Kernel Driver Use-After-Free Vulnerability",2023-10-03,"Arm Mali GPU Kernel Driver contains a use-after-free vulnerability that allows a local, non-privileged user to make improper GPU memory processing operations to gain access to already freed memory.","Apply mitigations per vendor instructions or discontinue use of the product if mitigations are unavailable.",2023-10-24,Unknown,"https://developer.arm.com/Arm%20Security%20Center/Mali%20GPU%20Driver%20Vulnerabilities;  https://nvd.nist.gov/vuln/detail/CVE-2023-4211",CWE-416										
CVE-2023-5217,Google,"Chromium libvpx","Google Chromium libvpx Heap Buffer Overflow Vulnerability",2023-10-02,"Google Chromium libvpx contains a heap buffer overflow vulnerability in vp8 encoding that allows a remote attacker to potentially exploit heap corruption via a crafted HTML page. This vulnerability could impact web browsers using libvpx, including but not limited to Google Chrome.","Apply mitigations per vendor instructions or discontinue use of the product if mitigations are unavailable.",2023-10-23,Unknown,"https://chromereleases.googleblog.com/2023/09/stable-channel-update-for-desktop_27.html; https://nvd.nist.gov/vuln/detail/CVE-2023-5217",CWE-787										
CVE-2023-41991,Apple,"Multiple Products","Apple Multiple Products Improper Certificate Validation Vulnerability",2023-09-25,"Apple iOS, iPadOS, macOS, and watchOS contain an improper certificate validation vulnerability that can allow a malicious app to bypass signature validation.","Apply mitigations per vendor instructions or discontinue use of the product if mitigations are unavailable.",2023-10-16,Unknown,"https://support.apple.com/en-us/HT213926, https://support.apple.com/en-us/HT213927, https://support.apple.com/en-us/HT213928, https://support.apple.com/en-us/HT213929, https://support.apple.com/en-us/HT213931 ;  https://nvd.nist.gov/vuln/detail/CVE-2023-41991",CWE-295										
CVE-2023-41992,Apple,"Multiple Products","Apple Multiple Products Kernel Privilege Escalation Vulnerability",2023-09-25,"Apple iOS, iPadOS, macOS, and watchOS contain an unspecified vulnerability that allows for local privilege escalation.","Apply mitigations per vendor instructions or discontinue use of the product if mitigations are unavailable.",2023-10-16,Unknown,"https://support.apple.com/en-us/HT213926, https://support.apple.com/en-us/HT213927, https://support.apple.com/en-us/HT213928, https://support.apple.com/en-us/HT213929, https://support.apple.com/en-us/HT213931, https://support.apple.com/en-us/HT213932;  https://nvd.nist.gov/vuln/detail/CVE-2023-41992",CWE-754										
CVE-2023-41993,Apple,"Multiple Products","Apple Multiple Products WebKit Code Execution Vulnerability",2023-09-25,"Apple iOS, iPadOS, macOS, and Safari WebKit contain an unspecified vulnerability that leads to code execution when processing maliciously crafted web content. This vulnerability could impact HTML parsers that use WebKit, including but not limited to Apple Safari and non-Apple products which rely on WebKit for HTML processing.","Apply mitigations per vendor instructions or discontinue use of the product if mitigations are unavailable.",2023-10-16,Unknown,"https://support.apple.com/en-us/HT213926, https://support.apple.com/en-us/HT213927, https://support.apple.com/en-us/HT213930;  https://nvd.nist.gov/vuln/detail/CVE-2023-41993",CWE-754										
CVE-2023-41179,"Trend Micro","Apex One and Worry-Free Business Security","Trend Micro Apex One and Worry-Free Business Security Remote Code Execution Vulnerability",2023-09-21,"Trend Micro Apex One and Worry-Free Business Security contain an unspecified vulnerability in the third-party anti-virus uninstaller that could allow an attacker to manipulate the module to conduct remote code execution. An attacker must first obtain administrative console access on the target system in order to exploit this vulnerability.","Apply mitigations per vendor instructions or discontinue use of the product if mitigations are unavailable.",2023-10-12,Unknown,"https://success.trendmicro.com/dcx/s/solution/000294994?language=en_US ; https://nvd.nist.gov/vuln/detail/CVE-2023-41179",										
CVE-2023-28434,MinIO,MinIO,"MinIO Security Feature Bypass Vulnerability",2023-09-19,"MinIO contains a security feature bypass vulnerability that allows an attacker to use crafted requests to bypass metadata bucket name checking and put an object into any bucket while processing `PostPolicyBucket` to conduct privilege escalation. To carry out this attack, the attacker requires credentials with `arn:aws:s3:::*` permission, as well as enabled Console API access.","Apply mitigations per vendor instructions or discontinue use of the product if mitigations are unavailable.",2023-10-10,Unknown,"https://github.com/minio/minio/security/advisories/GHSA-2pxw-r47w-4p8c;  https://nvd.nist.gov/vuln/detail/CVE-2023-28434",CWE-269										
CVE-2023-26369,Adobe,"Acrobat and Reader","Adobe Acrobat and Reader Out-of-Bounds Write Vulnerability",2023-09-14,"Adobe Acrobat and Reader contains an out-of-bounds write vulnerability that allows for code execution.","Apply mitigations per vendor instructions or discontinue use of the product if mitigations are unavailable.",2023-10-05,Unknown,"https://helpx.adobe.com/security/products/acrobat/apsb23-34.html;  https://nvd.nist.gov/vuln/detail/CVE-2023-26369",CWE-787										
CVE-2023-35674,Android,Framework,"Android Framework Privilege Escalation Vulnerability",2023-09-13,"Android Framework contains an unspecified vulnerability that allows for privilege escalation.","Apply mitigations per vendor instructions or discontinue use of the product if mitigations are unavailable.",2023-10-04,Unknown,"https://source.android.com/docs/security/bulletin/2023-09-01;  https://nvd.nist.gov/vuln/detail/CVE-2023-35674",										
CVE-2023-20269,Cisco,"Adaptive Security Appliance and Firepower Threat Defense","Cisco Adaptive Security Appliance and Firepower Threat Defense Unauthorized Access Vulnerability",2023-09-13,"Cisco Adaptive Security Appliance and Firepower Threat Defense contain an unauthorized access vulnerability that could allow an unauthenticated, remote attacker to conduct a brute force attack in an attempt to identify valid username and password combinations or establish a clientless SSL VPN session with an unauthorized user.","Apply mitigations per vendor instructions for group-lock and vpn-simultaneous-logins or discontinue use of the product for unsupported devices.",2023-10-04,Known,"https://sec.cloudapps.cisco.com/security/center/content/CiscoSecurityAdvisory/cisco-sa-asaftd-ravpn-auth-8LyfCkeC;  https://nvd.nist.gov/vuln/detail/CVE-2023-20269",CWE-288										
CVE-2023-4863,Google,"Chromium WebP","Google Chromium WebP Heap-Based Buffer Overflow Vulnerability",2023-09-13,"Google Chromium WebP contains a heap-based buffer overflow vulnerability that allows a remote attacker to perform an out-of-bounds memory write via a crafted HTML page. This vulnerability can affect applications that use the WebP Codec.","Apply mitigations per vendor instructions or discontinue use of the product if mitigations are unavailable.",2023-10-04,Unknown,"https://chromereleases.googleblog.com/2023/09/stable-channel-update-for-desktop_11.html?m=1; https://nvd.nist.gov/vuln/detail/CVE-2023-4863",CWE-787										
CVE-2023-36761,Microsoft,Word,"Microsoft Word Information Disclosure Vulnerability",2023-09-12,"Microsoft Word contains an unspecified vulnerability that allows for information disclosure.","Apply mitigations per vendor instructions or discontinue use of the product if mitigations are unavailable.",2023-10-03,Unknown,"https://msrc.microsoft.com/update-guide/vulnerability/CVE-2023-36761;  https://nvd.nist.gov/vuln/detail/CVE-2023-36761",CWE-668										
CVE-2023-36802,Microsoft,"Streaming Service Proxy","Microsoft Streaming Service Proxy Privilege Escalation Vulnerability",2023-09-12,"Microsoft Streaming Service Proxy contains an unspecified vulnerability that allows for privilege escalation.","Apply mitigations per vendor instructions or discontinue use of the product if mitigations are unavailable.",2023-10-03,Unknown,"https://msrc.microsoft.com/update-guide/vulnerability/CVE-2023-36802;   https://nvd.nist.gov/vuln/detail/CVE-2023-36802",CWE-416										
CVE-2023-41064,Apple,"iOS, iPadOS, and macOS","Apple iOS, iPadOS, and macOS ImageIO Buffer Overflow Vulnerability",2023-09-11,"Apple iOS, iPadOS, and macOS contain a buffer overflow vulnerability in ImageIO when processing a maliciously crafted image, which may lead to code execution. This vulnerability was chained with CVE-2023-41061.","Apply mitigations per vendor instructions or discontinue use of the product if mitigations are unavailable.",2023-10-02,Unknown,"https://support.apple.com/en-us/HT213905, https://support.apple.com/en-us/HT213906; https://nvd.nist.gov/vuln/detail/CVE-2023-41064",CWE-120										
CVE-2023-41061,Apple,"iOS, iPadOS, and watchOS","Apple iOS, iPadOS, and watchOS Wallet Code Execution Vulnerability",2023-09-11,"Apple iOS, iPadOS, and watchOS contain an unspecified vulnerability due to a validation issue affecting Wallet in which a maliciously crafted attachment may result in code execution. This vulnerability was chained with CVE-2023-41064.","Apply mitigations per vendor instructions or discontinue use of the product if mitigations are unavailable.",2023-10-02,Unknown,"https://support.apple.com/en-us/HT213905, https://support.apple.com/kb/HT213907; https://nvd.nist.gov/vuln/detail/CVE-2023-41061",										
CVE-2023-33246,Apache,RocketMQ,"Apache RocketMQ Command Execution Vulnerability",2023-09-06,"Several components of Apache RocketMQ, including NameServer, Broker, and Controller, are exposed to the extranet and lack permission verification. An attacker can exploit this vulnerability by using the update configuration function to execute commands as the system users that RocketMQ is running as or achieve the same effect by forging the RocketMQ protocol content.","Apply mitigations per vendor instructions or discontinue use of the product if mitigations are unavailable.",2023-09-27,Unknown,"https://lists.apache.org/thread/1s8j2c8kogthtpv3060yddk03zq0pxyp;  https://nvd.nist.gov/vuln/detail/CVE-2023-33246",CWE-94										
CVE-2023-38831,RARLAB,WinRAR,"RARLAB WinRAR Code Execution Vulnerability",2023-08-24,"RARLAB WinRAR contains an unspecified vulnerability that allows an attacker to execute code when a user attempts to view a benign file within a ZIP archive.","Apply mitigations per vendor instructions or discontinue use of the product if mitigations are unavailable.",2023-09-14,Known,"http://www.win-rar.com/singlenewsview.html?&L=0&tx_ttnews%5Btt_news%5D=232&cHash=c5bf79590657e32554c6683296a8e8aa;  https://nvd.nist.gov/vuln/detail/CVE-2023-38831",CWE-351										
CVE-2023-32315,"Ignite Realtime",Openfire,"Ignite Realtime Openfire Path Traversal Vulnerability",2023-08-24,"Ignite Realtime Openfire contains a path traversal vulnerability that allows an unauthenticated attacker to access restricted pages in the Openfire Admin Console reserved for administrative users.","Apply mitigations per vendor instructions or discontinue use of the product if mitigations are unavailable.",2023-09-14,Unknown,"https://www.igniterealtime.org/downloads/#openfire;  https://nvd.nist.gov/vuln/detail/CVE-2023-32315",CWE-22										
CVE-2023-38035,Ivanti,Sentry,"Ivanti Sentry Authentication Bypass Vulnerability",2023-08-22,"Ivanti Sentry, formerly known as MobileIron Sentry, contains an authentication bypass vulnerability that may allow an attacker to bypass authentication controls on the administrative interface due to an insufficiently restrictive Apache HTTPD configuration.","Apply mitigations per vendor instructions or discontinue use of the product if mitigations are unavailable.",2023-09-12,Known,"https://forums.ivanti.com/s/article/CVE-2023-38035-API-Authentication-Bypass-on-Sentry-Administrator-Interface?language=en_US ;  https://nvd.nist.gov/vuln/detail/CVE-2023-38035",CWE-863										
CVE-2023-27532,Veeam,"Backup & Replication","Veeam Backup & Replication Cloud Connect Missing Authentication for Critical Function Vulnerability",2023-08-22,"Veeam Backup & Replication Cloud Connect component contains a missing authentication for critical function vulnerability that allows an unauthenticated user operating within the backup infrastructure network perimeter to obtain encrypted credentials stored in the configuration database. This may lead to an attacker gaining access to the backup infrastructure hosts.","Apply mitigations per vendor instructions or discontinue use of the product if mitigations are unavailable.",2023-09-12,Known,"https://www.veeam.com/kb4424;  https://nvd.nist.gov/vuln/detail/CVE-2023-27532",CWE-306										
CVE-2023-26359,Adobe,ColdFusion,"Adobe ColdFusion Deserialization of Untrusted Data Vulnerability",2023-08-21,"Adobe ColdFusion contains a deserialization of untrusted data vulnerability that could result in code execution in the context of the current user.","Apply mitigations per vendor instructions or discontinue use of the product if mitigations are unavailable.",2023-09-11,Unknown,"https://helpx.adobe.com/security/products/coldfusion/apsb23-25.html;  https://nvd.nist.gov/vuln/detail/CVE-2023-26359",CWE-502										
CVE-2023-24489,Citrix,"Content Collaboration","Citrix Content Collaboration ShareFile Improper Access Control Vulnerability",2023-08-16,"Citrix Content Collaboration contains an improper access control vulnerability that could allow an unauthenticated attacker to remotely compromise customer-managed ShareFile storage zones controllers.","Apply mitigations per vendor instructions or discontinue use of the product if mitigations are unavailable.",2023-09-06,Unknown,"https://support.citrix.com/article/CTX559517/sharefile-storagezones-controller-security-update-for-cve202324489;  https://nvd.nist.gov/vuln/detail/CVE-2023-24489",CWE-284										
CVE-2023-38180,Microsoft,".NET Core and Visual Studio","Microsoft .NET Core and Visual Studio Denial-of-Service Vulnerability",2023-08-09,"Microsoft .NET Core and Visual Studio contain an unspecified vulnerability that allows for denial-of-service (DoS).","Apply mitigations per vendor instructions or discontinue use of the product if mitigations are unavailable.",2023-08-30,Unknown,"https://msrc.microsoft.com/update-guide/en-US/vulnerability/CVE-2023-38180;  https://nvd.nist.gov/vuln/detail/CVE-2023-38180",										
CVE-2023-35081,Ivanti,"Endpoint Manager Mobile (EPMM)","Ivanti Endpoint Manager Mobile (EPMM) Path Traversal Vulnerability",2023-07-31,"Ivanti Endpoint Manager Mobile (EPMM) contains a path traversal vulnerability that enables an authenticated administrator to perform malicious file writes to the EPMM server. This vulnerability can be used in conjunction with CVE-2023-35078 to bypass authentication and ACLs restrictions (if applicable).","Apply mitigations per vendor instructions or discontinue use of the product if mitigations are unavailable.",2023-08-21,Unknown,"https://forums.ivanti.com/s/article/CVE-2023-35081-Arbitrary-File-Write?language=en_US;  https://nvd.nist.gov/vuln/detail/CVE-2023-35081",CWE-22										
CVE-2023-37580,Synacor,"Zimbra Collaboration Suite (ZCS)","Synacor Zimbra Collaboration Suite (ZCS) Cross-Site Scripting (XSS) Vulnerability",2023-07-27,"Synacor Zimbra Collaboration Suite (ZCS) contains a cross-site scripting vulnerability impacting the confidentiality and integrity of data.","Apply mitigations per vendor instructions or discontinue use of the product if mitigations are unavailable.",2023-08-17,Unknown,"https://wiki.zimbra.com/wiki/Security_Center ;  https://nvd.nist.gov/vuln/detail/CVE-2023-37580",CWE-79										
CVE-2023-38606,Apple,"Multiple Products","Apple Multiple Products Kernel Unspecified Vulnerability",2023-07-26,"Apple iOS, iPadOS, macOS, tvOS, and watchOS contain an unspecified vulnerability allowing an app to modify a sensitive kernel state.","Apply mitigations per vendor instructions or discontinue use of the product if mitigations are unavailable.",2023-08-16,Unknown,"https://support.apple.com/en-us/HT213841, https://support.apple.com/en-us/HT213842, https://support.apple.com/en-us/HT213843,https://support.apple.com/en-us/HT213844,https://support.apple.com/en-us/HT213845,https://support.apple.com/en-us/HT213846,https://support.apple.com/en-us/HT213848 ;  https://nvd.nist.gov/vuln/detail/CVE-2023-38606",										
CVE-2023-35078,Ivanti,"Endpoint Manager Mobile (EPMM)","Ivanti Endpoint Manager Mobile Authentication Bypass Vulnerability",2023-07-25,"Ivanti Endpoint Manager Mobile (EPMM, previously branded MobileIron Core) contains an authentication bypass vulnerability that allows unauthenticated access to specific API paths. An attacker with access to these API paths can access personally identifiable information (PII) such as names, phone numbers, and other mobile device details for users on a vulnerable system. An attacker can also make other configuration changes including installing software and modifying security profiles on registered devices.","Apply mitigations per vendor instructions or discontinue use of the product if mitigations are unavailable.",2023-08-15,Known,"https://forums.ivanti.com/s/article/CVE-2023-35078-Remote-unauthenticated-API-access-vulnerability?language=en_US;  https://nvd.nist.gov/vuln/detail/CVE-2023-35078",CWE-287										
CVE-2023-29298,Adobe,ColdFusion,"Adobe ColdFusion Improper Access Control Vulnerability",2023-07-20,"Adobe ColdFusion contains an improper access control vulnerability that allows for a security feature bypass.","Apply mitigations per vendor instructions or discontinue use of the product if mitigations are unavailable.",2023-08-10,Unknown,"https://helpx.adobe.com/security/products/coldfusion/apsb23-40.html; https://nvd.nist.gov/vuln/detail/CVE-2023-29298",CWE-284										
CVE-2023-38205,Adobe,ColdFusion,"Adobe ColdFusion Improper Access Control Vulnerability",2023-07-20,"Adobe ColdFusion contains an improper access control vulnerability that allows for a security feature bypass.","Apply mitigations per vendor instructions or discontinue use of the product if mitigations are unavailable.",2023-08-10,Unknown,"https://helpx.adobe.com/security/products/coldfusion/apsb23-47.html ;  https://nvd.nist.gov/vuln/detail/CVE-2023-38205",CWE-284										
CVE-2023-3519,Citrix,"NetScaler ADC and NetScaler Gateway","Citrix NetScaler ADC and NetScaler Gateway Code Injection Vulnerability",2023-07-19,"Citrix NetScaler ADC and NetScaler Gateway contains a code injection vulnerability that allows for unauthenticated remote code execution.","Apply mitigations per vendor instructions or discontinue use of the product if mitigations are unavailable.",2023-08-09,Known,"https://support.citrix.com/article/CTX561482/citrix-adc-and-citrix-gateway-security-bulletin-for-cve20233519-cve20233466-cve20233467;  https://nvd.nist.gov/vuln/detail/CVE-2023-3519",CWE-94										
CVE-2023-36884,Microsoft,Windows,"Microsoft Windows Search Remote Code Execution Vulnerability",2023-07-17,"Microsoft Windows Search contains an unspecified vulnerability that could allow an attacker to evade Mark of the Web (MOTW) defenses via a specially crafted malicious file, leading to remote code execution.","Apply mitigations per vendor instructions or discontinue use of the product if mitigations are unavailable.",2023-08-29,Known,"https://msrc.microsoft.com/update-guide/vulnerability/CVE-2023-36884;  https://nvd.nist.gov/vuln/detail/CVE-2023-36884",CWE-362										
CVE-2023-37450,Apple,"Multiple Products","Apple Multiple Products WebKit Code Execution Vulnerability",2023-07-13,"Apple iOS, iPadOS, macOS, and Safari WebKit contain an unspecified vulnerability that leads to code execution when processing maliciously crafted web content. This vulnerability could impact HTML parsers that use WebKit, including but not limited to Apple Safari and non-Apple products which rely on WebKit for HTML processing.","Apply updates per vendor instructions or discontinue use of the product if updates are unavailable.",2023-08-03,Unknown,"https://support.apple.com/en-us/HT213826, https://support.apple.com/en-us/HT213841, https://support.apple.com/en-us/HT213843, https://support.apple.com/en-us/HT213846, https://support.apple.com/en-us/HT213848;  https://nvd.nist.gov/vuln/detail/CVE-2023-37450",										
CVE-2023-32046,Microsoft,Windows,"Microsoft Windows MSHTML Platform Privilege Escalation Vulnerability",2023-07-11,"Microsoft Windows MSHTML Platform contains an unspecified vulnerability that allows for privilege escalation.","Apply updates per vendor instructions or discontinue use of the product if updates are unavailable.",2023-08-01,Unknown,"https://msrc.microsoft.com/update-guide/en-US/vulnerability/CVE-2023-32046;  https://nvd.nist.gov/vuln/detail/CVE-2023-32046",										
CVE-2023-32049,Microsoft,Windows,"Microsoft Windows Defender SmartScreen Security Feature Bypass Vulnerability",2023-07-11,"Microsoft Windows Defender SmartScreen contains a security feature bypass vulnerability that allows an attacker to bypass the Open File - Security Warning prompt.","Apply updates per vendor instructions or discontinue use of the product if updates are unavailable.",2023-08-01,Unknown,"https://msrc.microsoft.com/update-guide/en-US/vulnerability/CVE-2023-32049; https://nvd.nist.gov/vuln/detail/CVE-2023-32049",										
CVE-2023-35311,Microsoft,Outlook,"Microsoft Outlook Security Feature Bypass Vulnerability",2023-07-11,"Microsoft Outlook contains a security feature bypass vulnerability that allows an attacker to bypass the Microsoft Outlook Security Notice prompt.","Apply updates per vendor instructions or discontinue use of the product if updates are unavailable.",2023-08-01,Unknown,"https://msrc.microsoft.com/update-guide/en-US/vulnerability/CVE-2023-35311;  https://nvd.nist.gov/vuln/detail/CVE-2023-35311",CWE-367										
CVE-2023-36874,Microsoft,Windows,"Microsoft Windows Error Reporting Service Privilege Escalation Vulnerability",2023-07-11,"Microsoft Windows Error Reporting Service contains an unspecified vulnerability that allows for privilege escalation.","Apply updates per vendor instructions or discontinue use of the product if updates are unavailable.",2023-08-01,Unknown,"https://msrc.microsoft.com/update-guide/en-US/vulnerability/CVE-2023-36874;  https://nvd.nist.gov/vuln/detail/CVE-2023-36874",CWE-59										
CVE-2023-32434,Apple,"Multiple Products","Apple Multiple Products Integer Overflow Vulnerability",2023-06-23,"Apple iOS. iPadOS, macOS, and watchOS contain an integer overflow vulnerability that could allow an application to execute code with kernel privileges.","Apply updates per vendor instructions.",2023-07-14,Unknown,"https://support.apple.com/en-us/HT213808, https://support.apple.com/en-us/HT213812, https://support.apple.com/en-us/HT213809, https://support.apple.com/en-us/HT213810, https://support.apple.com/en-us/HT213813, https://support.apple.com/en-us/HT213811, https://support.apple.com/en-us/HT213814;  https://nvd.nist.gov/vuln/detail/CVE-2023-32434",CWE-190										
CVE-2023-32435,Apple,"Multiple Products","Apple Multiple Products WebKit Memory Corruption Vulnerability",2023-06-23,"Apple iOS, iPadOS, macOS, and Safari WebKit contain a memory corruption vulnerability that leads to code execution when processing maliciously crafted web content. This vulnerability could impact HTML parsers that use WebKit, including but not limited to Apple Safari and non-Apple products which rely on WebKit for HTML processing.","Apply updates per vendor instructions.",2023-07-14,Unknown,"https://support.apple.com/en-us/HT213670, https://support.apple.com/en-us/HT213671, https://support.apple.com/en-us/HT213676, https://support.apple.com/en-us/HT213811;  https://nvd.nist.gov/vuln/detail/CVE-2023-32435",CWE-787										
CVE-2023-32439,Apple,"Multiple Products","Apple Multiple Products WebKit Type Confusion Vulnerability",2023-06-23,"Apple iOS, iPadOS, macOS, and Safari WebKit contain a type confusion vulnerability that leads to code execution when processing maliciously crafted web content. This vulnerability could impact HTML parsers that use WebKit, including but not limited to Apple Safari and non-Apple products which rely on WebKit for HTML processing.","Apply updates per vendor instructions.",2023-07-14,Unknown,"https://support.apple.com/en-us/HT213813, https://support.apple.com/en-us/HT213811, https://support.apple.com/en-us/HT213814, https://support.apple.com/en-us/HT213816;  https://nvd.nist.gov/vuln/detail/CVE-2023-32439",CWE-843										
CVE-2023-20867,VMware,Tools,"VMware Tools Authentication Bypass Vulnerability",2023-06-23,"VMware Tools contains an authentication bypass vulnerability in the vgauth module. A fully compromised ESXi host can force VMware Tools to fail to authenticate host-to-guest operations, impacting the confidentiality and integrity of the guest virtual machine. An attacker must have root access over ESXi to exploit this vulnerability.","Apply updates per vendor instructions.",2023-07-14,Unknown,"https://www.vmware.com/security/advisories/VMSA-2023-0013.html;  https://nvd.nist.gov/vuln/detail/CVE-2023-20867",CWE-287										
CVE-2023-27992,Zyxel,"Multiple Network-Attached Storage (NAS) Devices","Zyxel Multiple NAS Devices Command Injection Vulnerability",2023-06-23,"Multiple Zyxel network-attached storage (NAS) devices contain a pre-authentication command injection vulnerability that could allow an unauthenticated attacker to execute commands remotely via a crafted HTTP request.","Apply updates per vendor instructions.",2023-07-14,Unknown,"https://www.zyxel.com/global/en/support/security-advisories/zyxel-security-advisory-for-pre-authentication-command-injection-vulnerability-in-nas-products;  https://nvd.nist.gov/vuln/detail/CVE-2023-27992",CWE-78										
CVE-2023-20887,VMware,"Aria Operations for Networks","Vmware Aria Operations for Networks Command Injection Vulnerability",2023-06-22,"VMware Aria Operations for Networks (formerly vRealize Network Insight) contains a command injection vulnerability that allows a malicious actor with network access to perform an attack resulting in remote code execution.","Apply updates per vendor instructions.",2023-07-13,Unknown,"https://www.vmware.com/security/advisories/VMSA-2023-0012.html;  https://nvd.nist.gov/vuln/detail/CVE-2023-20887",CWE-77										
CVE-2023-27997,Fortinet,"FortiOS and FortiProxy SSL-VPN","Fortinet FortiOS and FortiProxy SSL-VPN Heap-Based Buffer Overflow Vulnerability",2023-06-13,"Fortinet FortiOS and FortiProxy SSL-VPN contain a heap-based buffer overflow vulnerability which can allow an unauthenticated, remote attacker to execute code or commands via specifically crafted requests.","Apply updates per vendor instructions.",2023-07-04,Known,"https://www.fortiguard.com/psirt/FG-IR-23-097;  https://nvd.nist.gov/vuln/detail/CVE-2023-27997",CWE-122										
CVE-2023-3079,Google,"Chromium V8","Google Chromium V8 Type Confusion Vulnerability",2023-06-07,"Google Chromium V8 Engine contains a type confusion vulnerability that allows a remote attacker to potentially exploit heap corruption via a crafted HTML page. This vulnerability could affect multiple web browsers that utilize Chromium, including, but not limited to, Google Chrome, Microsoft Edge, and Opera.","Apply updates per vendor instructions.",2023-06-28,Unknown,"https://chromereleases.googleblog.com/2023/06/stable-channel-update-for-desktop.html; https://nvd.nist.gov/vuln/detail/CVE-2023-3079",CWE-843										
CVE-2023-33009,Zyxel,"Multiple Firewalls","Zyxel Multiple Firewalls Buffer Overflow Vulnerability",2023-06-05,"Zyxel ATP, USG FLEX, USG FLEX 50(W), USG20(W)-VPN, VPN, and ZyWALL/USG firewalls contain a buffer overflow vulnerability in the notification function that could allow an unauthenticated attacker to cause denial-of-service (DoS) conditions and remote code execution on an affected device.","Apply updates per vendor instructions.",2023-06-26,Unknown,"https://www.zyxel.com/global/en/support/security-advisories/zyxel-security-advisory-for-multiple-buffer-overflow-vulnerabilities-of-firewalls;  https://nvd.nist.gov/vuln/detail/CVE-2023-33009",CWE-120										
CVE-2023-33010,Zyxel,"Multiple Firewalls","Zyxel Multiple Firewalls Buffer Overflow Vulnerability",2023-06-05,"Zyxel ATP, USG FLEX, USG FLEX 50(W), USG20(W)-VPN, VPN, and ZyWALL/USG firewalls contain a buffer overflow vulnerability in the ID processing function that could allow an unauthenticated attacker to cause denial-of-service (DoS) conditions and remote code execution on an affected device.","Apply updates per vendor instructions.",2023-06-26,Unknown,"https://www.zyxel.com/global/en/support/security-advisories/zyxel-security-advisory-for-multiple-buffer-overflow-vulnerabilities-of-firewalls;  https://nvd.nist.gov/vuln/detail/CVE-2023-33010",CWE-120										
CVE-2023-34362,Progress,"MOVEit Transfer","Progress MOVEit Transfer SQL Injection Vulnerability",2023-06-02,"Progress MOVEit Transfer contains a SQL injection vulnerability that could allow an unauthenticated attacker to gain unauthorized access to MOVEit Transfer's database. Depending on the database engine being used (MySQL, Microsoft SQL Server, or Azure SQL), an attacker may be able to infer information about the structure and contents of the database in addition to executing SQL statements that alter or delete database elements.","Apply updates per vendor instructions.",2023-06-23,Known,"This CVE has a CISA AA located here: https://www.cisa.gov/news-events/cybersecurity-advisories/aa23-158a. Please see the AA for associated IOCs. Additional information is available at: https://community.progress.com/s/article/MOVEit-Transfer-Critical-Vulnerability-31May2023.;  https://nvd.nist.gov/vuln/detail/CVE-2023-34362",CWE-89										
CVE-2023-28771,Zyxel,"Multiple Firewalls","Zyxel Multiple Firewalls OS Command Injection Vulnerability",2023-05-31,"Zyxel ATP, USG FLEX, VPN, and ZyWALL/USG firewalls allow for improper error message handling which could allow an unauthenticated attacker to execute OS commands remotely by sending crafted packets to an affected device.","Apply updates per vendor instructions.",2023-06-21,Unknown,"https://www.zyxel.com/global/en/support/security-advisories/zyxel-security-advisory-for-remote-command-injection-vulnerability-of-firewalls;   https://nvd.nist.gov/vuln/detail/CVE-2023-28771",CWE-78										
CVE-2023-2868,"Barracuda Networks","Email Security Gateway (ESG) Appliance","Barracuda Networks ESG Appliance Improper Input Validation Vulnerability",2023-05-26,"Barracuda Email Security Gateway (ESG) appliance contains an improper input validation vulnerability of a user-supplied .tar file, leading to remote command injection.","Apply updates per vendor instructions.",2023-06-16,Unknown,"https://status.barracuda.com/incidents/34kx82j5n4q9;  https://nvd.nist.gov/vuln/detail/CVE-2023-2868",CWE-20										
CVE-2023-32409,Apple,"Multiple Products","Apple Multiple Products WebKit Sandbox Escape Vulnerability",2023-05-22,"Apple iOS, iPadOS, macOS, tvOS, watchOS, and Safari WebKit contain an unspecified vulnerability that can allow a remote attacker to break out of the Web Content sandbox. This vulnerability could impact HTML parsers that use WebKit, including but not limited to Apple Safari and non-Apple products which rely on WebKit for HTML processing.","Apply updates per vendor instructions.",2023-06-12,Unknown,"https://support.apple.com/HT213757, https://support.apple.com/HT213758, https://support.apple.com/HT213761, https://support.apple.com/HT213762, https://support.apple.com/HT213764, https://support.apple.com/HT213765; https://nvd.nist.gov/vuln/detail/CVE-2023-32409",										
CVE-2023-28204,Apple,"Multiple Products","Apple Multiple Products WebKit Out-of-Bounds Read Vulnerability",2023-05-22,"Apple iOS, iPadOS, macOS, tvOS, watchOS, and Safari WebKit contain an out-of-bounds read vulnerability that may disclose sensitive information when processing maliciously crafted web content. This vulnerability could impact HTML parsers that use WebKit, including but not limited to Apple Safari and non-Apple products which rely on WebKit for HTML processing.","Apply updates per vendor instructions.",2023-06-12,Unknown,"https://support.apple.com/HT213757, https://support.apple.com/HT213758, https://support.apple.com/HT213761, https://support.apple.com/HT213762, https://support.apple.com/HT213764, https://support.apple.com/HT213765;  https://nvd.nist.gov/vuln/detail/CVE-2023-28204",CWE-125										
CVE-2023-32373,Apple,"Multiple Products","Apple Multiple Products WebKit Use-After-Free Vulnerability",2023-05-22,"Apple iOS, iPadOS, macOS, tvOS, watchOS, and Safari WebKit contain a use-after-free vulnerability that leads to code execution when processing maliciously crafted web content. This vulnerability could impact HTML parsers that use WebKit, including but not limited to Apple Safari and non-Apple products which rely on WebKit for HTML processing.","Apply updates per vendor instructions.",2023-06-12,Unknown,"https://support.apple.com/HT213757, https://support.apple.com/HT213758, https://support.apple.com/HT213761, https://support.apple.com/HT213762, https://support.apple.com/HT213764, https://support.apple.com/HT213765; https://nvd.nist.gov/vuln/detail/CVE-2023-32373",CWE-416										
CVE-2023-21492,Samsung,"Mobile Devices","Samsung Mobile Devices Insertion of Sensitive Information Into Log File Vulnerability",2023-05-19,"Samsung mobile devices running Android 11, 12, and 13 contain an insertion of sensitive information into log file vulnerability that allows a privileged, local attacker to conduct an address space layout randomization (ASLR) bypass.","Apply updates per vendor instructions.",2023-06-09,Unknown,"https://security.samsungmobile.com/securityUpdate.smsb;  https://nvd.nist.gov/vuln/detail/CVE-2023-21492",CWE-532										
CVE-2023-25717,"Ruckus Wireless","Multiple Products","Multiple Ruckus Wireless Products CSRF and RCE Vulnerability",2023-05-12,"Ruckus Wireless Access Point (AP) software contains an unspecified vulnerability in the web services component. If the web services component is enabled on the AP, an attacker can perform cross-site request forgery (CSRF) or remote code execution (RCE). This vulnerability impacts Ruckus ZoneDirector, SmartZone, and Solo APs.","Apply updates per vendor instructions or disconnect product if it is end-of-life.",2023-06-02,Unknown,"https://support.ruckuswireless.com/security_bulletins/315;  https://nvd.nist.gov/vuln/detail/CVE-2023-25717",CWE-94										
CVE-2023-29336,Microsoft,Win32k,"Microsoft Win32K Privilege Escalation Vulnerability",2023-05-09,"Microsoft Win32k contains an unspecified vulnerability that allows for privilege escalation up to SYSTEM privileges.","Apply updates per vendor instructions.",2023-05-30,Unknown,"https://msrc.microsoft.com/update-guide/en-US/vulnerability/CVE-2023-29336; https://nvd.nist.gov/vuln/detail/CVE-2023-29336",CWE-416										
CVE-2023-1389,TP-Link,"Archer AX21","TP-Link Archer AX-21 Command Injection Vulnerability",2023-05-01,"TP-Link Archer AX-21 contains a command injection vulnerability that allows for remote code execution.","Apply updates per vendor instructions.",2023-05-22,Unknown,"https://www.tp-link.com/us/support/download/archer-ax21/v3/#Firmware;  https://nvd.nist.gov/vuln/detail/CVE-2023-1389",CWE-77										
CVE-2023-21839,Oracle,"WebLogic Server","Oracle WebLogic Server Unspecified Vulnerability",2023-05-01,"Oracle WebLogic Server contains an unspecified vulnerability that allows an unauthenticated attacker with network access via T3, IIOP, to compromise Oracle WebLogic Server.","Apply updates per vendor instructions.",2023-05-22,Unknown,"https://www.oracle.com/security-alerts/cpujan2023.html;  https://nvd.nist.gov/vuln/detail/CVE-2023-21839",										
CVE-2023-28432,MinIO,MinIO,"MinIO Information Disclosure Vulnerability",2023-04-21,"MinIO contains a vulnerability in a cluster deployment where MinIO returns all environment variables, which allows for information disclosure.","Apply updates per vendor instructions.",2023-05-12,Unknown,"https://github.com/minio/minio/security/advisories/GHSA-6xvq-wj2x-3h3q; https://nvd.nist.gov/vuln/detail/CVE-2023-28432",CWE-200										
CVE-2023-27350,PaperCut,MF/NG,"PaperCut MF/NG Improper Access Control Vulnerability",2023-04-21,"PaperCut MF/NG contains an improper access control vulnerability within the SetupCompleted class that allows authentication bypass and code execution in the context of system.","Apply updates per vendor instructions.",2023-05-12,Known,"https://www.papercut.com/kb/Main/PO-1216-and-PO-1219;  https://nvd.nist.gov/vuln/detail/CVE-2023-27350",CWE-284										
CVE-2023-2136,Google,"Chromium Skia","Google Chrome Skia Integer Overflow Vulnerability",2023-04-21,"Google Chromium Skia contains an integer overflow vulnerability that allows a remote attacker, who has compromised the renderer process, to potentially perform a sandbox escape via a crafted HTML page. This vulnerability affects Google Chrome and ChromeOS, Android, Flutter, and possibly other products.","Apply updates per vendor instructions.",2023-05-12,Unknown,"https://chromereleases.googleblog.com/2023/04/stable-channel-update-for-desktop_18.html;  https://nvd.nist.gov/vuln/detail/CVE-2023-2136",CWE-190										
CVE-2023-2033,Google,"Chromium V8","Google Chromium V8 Type Confusion Vulnerability",2023-04-17,"Google Chromium V8 Engine contains a type confusion vulnerability that allows a remote attacker to potentially exploit heap corruption via a crafted HTML page. This vulnerability could affect multiple web browsers that utilize Chromium, including, but not limited to, Google Chrome, Microsoft Edge, and Opera.","Apply updates per vendor instructions.",2023-05-08,Unknown,"https://chromereleases.googleblog.com/2023/04/stable-channel-update-for-desktop_14.html;  https://nvd.nist.gov/vuln/detail/CVE-2023-2033",CWE-843										
CVE-2023-20963,Android,Framework,"Android Framework Privilege Escalation Vulnerability",2023-04-13,"Android Framework contains an unspecified vulnerability that allows for privilege escalation after updating an app to a higher Target SDK with no additional execution privileges needed.","Apply updates per vendor instructions.",2023-05-04,Unknown,"https://source.android.com/docs/security/bulletin/2023-03-01;  https://nvd.nist.gov/vuln/detail/CVE-2023-20963",CWE-295										
CVE-2023-29492,"Novi Survey","Novi Survey","Novi Survey Insecure Deserialization Vulnerability",2023-04-13,"Novi Survey contains an insecure deserialization vulnerability that allows remote attackers to execute code on the server in the context of the service account.","Apply updates per vendor instructions.",2023-05-04,Unknown,"https://novisurvey.net/blog/novi-survey-security-advisory-apr-2023.aspx; https://nvd.nist.gov/vuln/detail/CVE-2023-29492",CWE-94										
CVE-2023-28252,Microsoft,Windows,"Microsoft Windows Common Log File System (CLFS) Driver Privilege Escalation Vulnerability",2023-04-11,"Microsoft Windows Common Log File System (CLFS) driver contains an unspecified vulnerability that allows for privilege escalation.","Apply updates per vendor instructions.",2023-05-02,Known,"https://msrc.microsoft.com/update-guide/en-US/vulnerability/CVE-2023-28252;  https://nvd.nist.gov/vuln/detail/CVE-2023-28252",CWE-122										
CVE-2023-28205,Apple,"Multiple Products","Apple Multiple Products WebKit Use-After-Free Vulnerability",2023-04-10,"Apple iOS, iPadOS, macOS, and Safari WebKit contain a use-after-free vulnerability that leads to code execution when processing maliciously crafted web content. This vulnerability could impact HTML parsers that use WebKit, including but not limited to Apple Safari and non-Apple products which rely on WebKit for HTML processing.","Apply updates per vendor instructions.",2023-05-01,Unknown,"https://support.apple.com/en-us/HT213720,https://support.apple.com/en-us/HT213721,https://support.apple.com/en-us/HT213722,https://support.apple.com/en-us/HT213723;  https://nvd.nist.gov/vuln/detail/CVE-2023-28205",CWE-416										
CVE-2023-28206,Apple,"iOS, iPadOS, and macOS","Apple iOS, iPadOS, and macOS IOSurfaceAccelerator Out-of-Bounds Write Vulnerability",2023-04-10,"Apple iOS, iPadOS, and macOS IOSurfaceAccelerator contain an out-of-bounds write vulnerability that allows an app to execute code with kernel privileges.","Apply updates per vendor instructions.",2023-05-01,Unknown,"https://support.apple.com/en-us/HT213720, https://support.apple.com/en-us/HT213721; https://nvd.nist.gov/vuln/detail/CVE-2023-28206",CWE-787										
CVE-2023-26083,Arm,"Mali Graphics Processing Unit (GPU)","Arm Mali GPU Kernel Driver Information Disclosure Vulnerability",2023-04-07,"Arm Mali GPU Kernel Driver contains an information disclosure vulnerability that allows a non-privileged user to make valid GPU processing operations that expose sensitive kernel metadata.","Apply updates per vendor instructions.",2023-04-28,Unknown,"https://developer.arm.com/Arm%20Security%20Center/Mali%20GPU%20Driver%20Vulnerabilities;  https://nvd.nist.gov/vuln/detail/CVE-2023-26083",CWE-401										
CVE-2023-0266,Linux,Kernel,"Linux Kernel Use-After-Free Vulnerability",2023-03-30,"Linux kernel contains a use-after-free vulnerability that allows for privilege escalation to gain ring0 access from the system user.","Apply updates per vendor instructions.",2023-04-20,Unknown,"https://git.kernel.org/pub/scm/linux/kernel/git/stable/stable-queue.git/tree/queue-5.10/alsa-pcm-move-rwsem-lock-inside-snd_ctl_elem_read-to-prevent-uaf.patch?id=72783cf35e6c55bca84c4bb7b776c58152856fd4;  https://nvd.nist.gov/vuln/detail/CVE-2023-0266",CWE-416										
CVE-2023-26360,Adobe,ColdFusion,"Adobe ColdFusion Deserialization of Untrusted Data Vulnerability",2023-03-15,"Adobe ColdFusion contains a deserialization of untrusted data vulnerability that allows for remote code execution.","Apply updates per vendor instructions.",2023-04-05,Unknown,"https://helpx.adobe.com/security/products/coldfusion/apsb23-25.html;  https://nvd.nist.gov/vuln/detail/CVE-2023-26360",CWE-284										
CVE-2023-23397,Microsoft,Office,"Microsoft Office Outlook Privilege Escalation Vulnerability",2023-03-14,"Microsoft Office Outlook contains a privilege escalation vulnerability that allows for a NTLM Relay attack against another service to authenticate as the user.","Apply updates per vendor instructions.",2023-04-04,Unknown,"https://msrc.microsoft.com/update-guide/en-US/vulnerability/CVE-2023-23397, https://msrc.microsoft.com/blog/2023/03/microsoft-mitigates-outlook-elevation-of-privilege-vulnerability/, ;  https://nvd.nist.gov/vuln/detail/CVE-2023-23397",CWE-294										
CVE-2023-24880,Microsoft,Windows,"Microsoft Windows SmartScreen Security Feature Bypass Vulnerability",2023-03-14,"Microsoft Windows SmartScreen contains a security feature bypass vulnerability that could allow an attacker to evade Mark of the Web (MOTW) defenses via a specially crafted malicious file.","Apply updates per vendor instructions.",2023-04-04,Known,"https://msrc.microsoft.com/update-guide/en-US/vulnerability/CVE-2023-24880;  https://nvd.nist.gov/vuln/detail/CVE-2023-24880",CWE-863										
CVE-2023-21715,Microsoft,Office,"Microsoft Office Publisher Security Feature Bypass Vulnerability",2023-02-14,"Microsoft Office Publisher contains a security feature bypass vulnerability that allows for a local, authenticated attack on a targeted system.","Apply updates per vendor instructions.",2023-03-07,Unknown,"https://msrc.microsoft.com/update-guide/en-US/vulnerability/CVE-2023-21715;  https://nvd.nist.gov/vuln/detail/CVE-2023-21715",CWE-863										
CVE-2023-23376,Microsoft,Windows,"Microsoft Windows Common Log File System (CLFS) Driver Privilege Escalation Vulnerability",2023-02-14,"Microsoft Windows Common Log File System (CLFS) driver contains an unspecified vulnerability that allows for privilege escalation.","Apply updates per vendor instructions.",2023-03-07,Known,"https://msrc.microsoft.com/update-guide/en-US/vulnerability/CVE-2023-23376;  https://nvd.nist.gov/vuln/detail/CVE-2023-23376",CWE-122										
CVE-2023-23529,Apple,"Multiple Products","Apple Multiple Products WebKit Type Confusion Vulnerability",2023-02-14,"Apple iOS, MacOS, Safari and iPadOS WebKit contain a type confusion vulnerability that leads to code execution when processing maliciously crafted web content. This vulnerability could impact HTML parsers that use WebKit, including but not limited to Apple Safari and non-Apple products which rely on WebKit for HTML processing.","Apply updates per vendor instructions.",2023-03-07,Unknown,"https://support.apple.com/en-us/HT213635, https://support.apple.com/en-us/HT213633, https://support.apple.com/en-us/HT213638;  https://nvd.nist.gov/vuln/detail/CVE-2023-23529",CWE-843										
CVE-2023-21823,Microsoft,Windows,"Microsoft Windows Graphic Component Privilege Escalation Vulnerability",2023-02-14,"Microsoft Windows Graphic Component contains an unspecified vulnerability that allows for privilege escalation.","Apply updates per vendor instructions.",2023-03-07,Unknown,"https://msrc.microsoft.com/update-guide/en-US/vulnerability/CVE-2023-21823;  https://nvd.nist.gov/vuln/detail/CVE-2023-21823",CWE-190										
CVE-2023-0669,Fortra,"GoAnywhere MFT","Fortra GoAnywhere MFT Remote Code Execution Vulnerability",2023-02-10,"Fortra (formerly, HelpSystems) GoAnywhere MFT contains a pre-authentication remote code execution vulnerability in the License Response Servlet due to deserializing an attacker-controlled object.","Apply updates per vendor instructions.",2023-03-03,Known,"This CVE has a CISA AA located here: https://www.cisa.gov/news-events/cybersecurity-advisories/aa23-158a. Please see the AA for associated IOCs. Additional information is available at: https://my.goanywhere.com/webclient/DownloadProductFiles.xhtml. Fortra users must have an account in order to login and access the patch.;  https://nvd.nist.gov/vuln/detail/CVE-2023-0669",CWE-502										
CVE-2023-22952,SugarCRM,"Multiple Products","Multiple SugarCRM Products Remote Code Execution Vulnerability",2023-02-02,"Multiple SugarCRM products contain a remote code execution vulnerability in the EmailTemplates. Using a specially crafted request, custom PHP code can be injected through the EmailTemplates.","Apply updates per vendor instructions.",2023-02-23,Unknown,"https://support.sugarcrm.com/Resources/Security/sugarcrm-sa-2023-001/;  https://nvd.nist.gov/vuln/detail/CVE-2023-22952",CWE-20										
CVE-2023-21674,Microsoft,Windows,"Microsoft Windows Advanced Local Procedure Call (ALPC) Privilege Escalation Vulnerability",2023-01-10,"Microsoft Windows Advanced Local Procedure Call (ALPC) contains an unspecified vulnerability that allows for privilege escalation.","Apply updates per vendor instructions.",2023-01-31,Unknown,"https://msrc.microsoft.com/update-guide/en-US/vulnerability/CVE-2023-21674;  https://nvd.nist.gov/vuln/detail/CVE-2023-21674",CWE-416										
